location,avg_temperature,avg_humidity
BuildingB_Floor2,24.124999999999993,64.52256097560974
BuildingA_Floor1,24.00812500000001,64.33374999999998
BuildingB_Floor1,23.92676056338029,64.91338028169014
BuildingA_Floor2,23.91217948717949,66.52564102564104
